{"Setups":[{"MajorMode":5,"AggregationType":0,"AggregationPeriod":0,"YAxisMode":0,"ProfileTimestep":0,"ScatterInputs":false,"SelectedResults":["Reach flow (daily mean, cumecs)"],"SelectedInputs":["observed Q"],"SelectedIndexes":{"Reaches":["Coull"],"Landscape units":["Arable"]},"IndexSetIsActive":{"Reaches":true,"Landscape units":false}},{"MajorMode":5,"AggregationType":0,"AggregationPeriod":0,"YAxisMode":0,"ProfileTimestep":0,"ScatterInputs":false,"SelectedResults":["Reach suspended sediment concentration"],"SelectedInputs":["observed SS"],"SelectedIndexes":{"Reaches":["Coull"],"Landscape units":["Arable"]},"IndexSetIsActive":{"Reaches":true,"Landscape units":false}},{"MajorMode":5,"AggregationType":0,"AggregationPeriod":0,"YAxisMode":0,"ProfileTimestep":0,"ScatterInputs":false,"SelectedResults":["Reach TDP concentration"],"SelectedInputs":["observed TDP"],"SelectedIndexes":{"Reaches":["Coull"],"Landscape units":["Arable"]},"IndexSetIsActive":{"Reaches":true,"Landscape units":false}},{"MajorMode":5,"AggregationType":0,"AggregationPeriod":0,"YAxisMode":0,"ProfileTimestep":0,"ScatterInputs":false,"SelectedResults":["Reach PP concentration"],"SelectedInputs":["observed PP"],"SelectedIndexes":{"Reaches":["Coull"],"Landscape units":["Arable"]},"IndexSetIsActive":{"Reaches":true,"Landscape units":false}}],"LinkAll":true}